<project xmlns="http://maven.apache.org/POM/4.0.0" xmlns:xsi="http://www.w3.org/2001/XMLSchema-instance" xsi:schemaLocation="http://maven.apache.org/POM/4.0.0 http://maven.apache.org/maven-v4_0_0.xsd">
  <modelVersion>4.0.0</modelVersion>

  <parent>
    <groupId>org.sonatype.oss</groupId>
    <artifactId>oss-parent</artifactId>
    <version>7</version>
  </parent>

  <properties>
    <scala.version>@SCALA_VERSION@</scala.version>
    <project.build.sourceEncoding>UTF-8</project.build.sourceEncoding>
    <project.reporting.outputEncoding>UTF-8</project.reporting.outputEncoding>
    <pax.exam.version>3.4.0</pax.exam.version>
    <pax.url.version>1.6.0</pax.url.version>
  </properties>

  <groupId>org.scalatest</groupId>
  <artifactId>scalatest_@DEPLOY_SCALA_VERSION@</artifactId>
  <version>@RELEASE@</version>
  <packaging>jar</packaging>

  <name>ScalaTest</name>
  <description>
    ScalaTest is a free, open-source testing toolkit for Scala and Java
    programmers.
  </description>
  <url>http://www.scalatest.org</url>

  <licenses>
    <license>
      <name>the Apache License, ASL Version 2.0</name>
      <url>http://www.apache.org/licenses/LICENSE-2.0</url>
      <distribution>repo</distribution>
    </license>
  </licenses>

  <scm>
    <url>https://github.com/scalatest/scalatest</url>
    <connection>scm:git:git://github.com/scalatest/scalatest.git</connection>
    <developerConnection>
      scm:git:git@github.com:scalatest/scalatest.git
    </developerConnection>
  </scm>

  <developers>
    <developer>
      <id>bill</id>
      <name>Bill Venners</name>
      <email>bill@artima.com</email>
    </developer>
  </developers>

  <inceptionYear>2009</inceptionYear>

  <repositories>
    <repository>
      <id>typesafe</id>
      <name>Typesafe Repository</name>
      <url>http://repo.typesafe.com/typesafe/releases/</url>
    </repository>
    <repository>
      <id>artima.com</id>
      <name>Artima.com Repository</name>
      <url>http://www.artima.com/maven2/</url>
    </repository>
  </repositories>

  <dependencies>

    <dependency>
      <groupId>org.scala-lang</groupId>
      <artifactId>scala-library</artifactId>
      <version>@SCALA_VERSION@</version>
    </dependency>

    <dependency>
      <groupId>org.scala-lang</groupId>
      <artifactId>scala-compiler</artifactId>
      <version>@SCALA_VERSION@</version>
      <optional>true</optional>
    </dependency>

    <dependency>
      <groupId>org.scala-lang</groupId>
      <artifactId>scala-reflect</artifactId>
      <version>@SCALA_VERSION@</version>
    </dependency>

<!-- uncomment for Scala 2.11.0-RC3 -->
<!--
    <dependency>
      <groupId>org.scala-lang.modules</groupId>
      <artifactId>scala-parser-combinators_@DEPLOY_SCALA_VERSION@</artifactId>
      <version>@SCALA_PARSER_COMBINATORS_VERSION@</version>
    </dependency>

    <dependency>
      <groupId>org.scala-lang.modules</groupId>
      <artifactId>scala-xml_@DEPLOY_SCALA_VERSION@</artifactId>
      <version>@SCALA_XML_VERSION@</version>
    </dependency>
-->

    <dependency>
      <groupId>org.scala-sbt</groupId>
      <artifactId>test-interface</artifactId>
      <version>1.0</version>
      <optional>true</optional>
    </dependency>

    <dependency>
      <groupId>org.antlr</groupId>
      <artifactId>stringtemplate</artifactId>
      <version>3.2</version>
      <optional>true</optional>
    </dependency>

    <dependency>
      <groupId>org.scalacheck</groupId>
      <artifactId>scalacheck_@DEPLOY_SCALA_VERSION@</artifactId>
      <version>1.11.3</version>
      <optional>true</optional>
    </dependency>

    <dependency>
      <groupId>org.easymock</groupId>
      <artifactId>easymockclassextension</artifactId>
      <version>3.1</version>
      <optional>true</optional>
    </dependency>

    <dependency>
      <groupId>org.jmock</groupId>
      <artifactId>jmock-legacy</artifactId>
      <version>2.5.1</version>
      <optional>true</optional>
    </dependency>

    <dependency>
      <groupId>org.mockito</groupId>
      <artifactId>mockito-all</artifactId>
      <version>1.9.0</version>
      <optional>true</optional>
    </dependency>

    <dependency>
      <groupId>org.testng</groupId>
      <artifactId>testng</artifactId>
      <version>6.8.7</version>
      <optional>true</optional>
    </dependency>

    <dependency>
      <groupId>com.google.inject</groupId>
      <artifactId>guice</artifactId>
      <version>2.0</version>
      <optional>true</optional>
    </dependency>

    <dependency>
      <groupId>junit</groupId>
      <artifactId>junit</artifactId>
      <version>4.10</version>
      <optional>true</optional>
    </dependency>

    <dependency>
      <groupId>org.seleniumhq.selenium</groupId>
      <artifactId>selenium-java</artifactId>
      <version>2.35.0</version>
      <optional>true</optional>
    </dependency>

    <dependency>
      <groupId>org.apache.ant</groupId>
      <artifactId>ant</artifactId>
      <version>1.7.1</version>
      <optional>true</optional>
    </dependency>

    <dependency>
      <groupId>commons-io</groupId>
      <artifactId>commons-io</artifactId>
      <version>1.3.2</version>
      <scope>test</scope>
    </dependency>

    <dependency>
      <groupId>org.eclipse.jetty</groupId>
      <artifactId>jetty-server</artifactId>
      <version>8.1.8.v20121106</version>
      <scope>test</scope>
    </dependency>

    <dependency>
      <groupId>org.eclipse.jetty</groupId>
      <artifactId>jetty-webapp</artifactId>
      <version>8.1.8.v20121106</version>
      <scope>test</scope>
    </dependency>

    <dependency>
      <groupId>org.ow2.asm</groupId>
      <artifactId>asm-all</artifactId>
      <version>4.1</version>
      <optional>true</optional>
    </dependency>

    <dependency>
      <groupId>org.pegdown</groupId>
      <artifactId>pegdown</artifactId>
      <version>1.4.2</version>
      <optional>true</optional>
    </dependency>

    <dependency>
      <groupId>org.ops4j.pax.exam</groupId>
      <artifactId>pax-exam-container-native</artifactId>
      <version>${pax.exam.version}</version>
      <scope>test</scope>
    </dependency>

    <dependency>
      <groupId>org.ops4j.pax.exam</groupId>
      <artifactId>pax-exam-junit4</artifactId>
      <version>${pax.exam.version}</version>
      <scope>test</scope>
    </dependency>

    <dependency>
      <groupId>org.ops4j.pax.exam</groupId>
      <artifactId>pax-exam-link-mvn</artifactId>
      <version>${pax.exam.version}</version>
      <scope>test</scope>
    </dependency>

    <dependency>
      <groupId>org.ops4j.pax.url</groupId>
      <artifactId>pax-url-aether</artifactId>
      <version>${pax.url.version}</version>
      <scope>test</scope>
    </dependency>

    <dependency>
      <groupId>org.apache.felix</groupId>
      <artifactId>org.apache.felix.framework</artifactId>
      <version>4.4.0</version>
      <scope>test</scope>
    </dependency>

    <dependency>
      <groupId>org.osgi</groupId>
      <artifactId>org.osgi.core</artifactId>
      <version>5.0.0</version>
      <scope>test</scope>
    </dependency>

    <dependency>
      <groupId>org.slf4j</groupId>
      <artifactId>slf4j-api</artifactId>
      <version>1.7.7</version>
      <scope>test</scope>
    </dependency>

    <dependency>
      <groupId>ch.qos.logback</groupId>
      <artifactId>logback-core</artifactId>
      <version>1.1.2</version>
      <scope>test</scope>
    </dependency>

    <dependency>
      <groupId>ch.qos.logback</groupId>
      <artifactId>logback-classic</artifactId>
      <version>1.1.2</version>
      <scope>test</scope>
    </dependency>

  </dependencies>

</project>
